classifier,n_components_mode1,n_components_mode2,mean_accuracy,mean_precision,mean_recall,f1_score,total_time,selection_score
SVC,12,12,0.969240370878088,0.9697859371156957,0.969240370878088,0.9695130772463809,53.400630474090576,0.8602439904056637
residual,12,12,0.1598170481297032,0.14846217627386954,0.1598170481297032,0.1539304947772959,12.273117542266846,-0.0067952059043067115
