var_smoothing,mean_accuracy,mean_precision,mean_recall,f1_score,total_time,selection_score
1e-9,0.7253178665833753,0.7766299034604682,0.7253178665833753,0.7500973814640121,0.34612560272216797,0.010826459592673365
1e-8,0.7302647972375019,0.7800331077381905,0.7302647972375019,0.7543289537571545,0.3752129077911377,0.012283135538978196
1e-7,0.7377929514654079,0.7869584950997011,0.7377929514654079,0.7615830528816503,0.3325309753417969,0.015296754968690651
1e-6,0.7458591449906586,0.7935926418683922,0.7458591449906586,0.7689858615741513,0.35019350051879883,0.01906268726868554
